{"cameraMode":{"drawMode":0,"name":"Shaded","section":"Shading Mode"},"sceneLighting":true,"audioPlay":false,"sceneViewState":{"showFog":true,"showMaterialUpdate":false,"showSkybox":false,"showFlares":true,"showImageEffects":true,"showParticleSystems":true},"in2DMode":false,"pivot":{"x":-5.988409042358398,"y":-0.24398544430732728,"z":-15.905696868896485},"rotation":{"x":-0.0051532951183617119,"y":0.8712310194969177,"z":-0.009148219600319863,"w":-0.4907676577568054},"size":35.34162521362305,"orthographic":false}