{"cameraMode":{"drawMode":0,"name":"Shaded","section":"Shading Mode"},"sceneLighting":false,"audioPlay":false,"sceneViewState":{"showFog":true,"showMaterialUpdate":false,"showSkybox":false,"showFlares":true,"showImageEffects":true,"showParticleSystems":true},"in2DMode":false,"pivot":{"x":-23.339439392089845,"y":10.480171203613282,"z":15.607231140136719},"rotation":{"x":-0.15229609608650208,"y":0.14178450405597688,"z":-0.02208038419485092,"w":-0.9778780937194824},"size":116.2279281616211,"orthographic":false}