{"cameraMode":{"drawMode":0,"name":"Shaded","section":"Shading Mode"},"sceneLighting":false,"audioPlay":false,"sceneViewState":{"showFog":true,"showMaterialUpdate":false,"showSkybox":false,"showFlares":true,"showImageEffects":true,"showParticleSystems":true},"in2DMode":false,"pivot":{"x":0.9907913208007813,"y":-20.314125061035158,"z":-300.45330810546877},"rotation":{"x":-0.15955524146556855,"y":-0.14456714689731599,"z":0.02362566813826561,"w":-0.9762770533561707},"size":142.29092407226563,"orthographic":false}