{"cameraMode":{"drawMode":0,"name":"Shaded","section":"Shading Mode"},"sceneLighting":true,"audioPlay":false,"sceneViewState":{"showFog":true,"showMaterialUpdate":false,"showSkybox":false,"showFlares":true,"showImageEffects":true,"showParticleSystems":true},"in2DMode":false,"pivot":{"x":-13.52972412109375,"y":-0.7880392670631409,"z":21.05994415283203},"rotation":{"x":-0.040208231657743457,"y":0.7178948521614075,"z":-0.041618671268224719,"w":-0.6937686204910278},"size":27.09151840209961,"orthographic":false}